Kiosk,Client Nationality,Month,active_contracts,new_contracts,terminations,prev_active,churn_rate,retention_rate,net_change,kiosk_total,share_of_kiosk
Bay Avenue,Algerian,2025-11-01,1,0,0,1.0,0.0,1.0,0.0,139,0.007194244604316547
Bay Avenue,American,2025-11-01,2,0,0,2.0,0.0,1.0,0.0,139,0.014388489208633094
Bay Avenue,Australian,2025-11-01,1,0,0,1.0,0.0,1.0,0.0,139,0.007194244604316547
Bay Avenue,Belgian,2025-11-01,1,0,0,1.0,0.0,1.0,0.0,139,0.007194244604316547
Bay Avenue,British,2025-11-01,14,0,0,15.0,0.0,1.0,-1.0,139,0.10071942446043165
Bay Avenue,Canadian,2025-11-01,4,0,1,4.0,0.25,0.75,0.0,139,0.02877697841726619
Bay Avenue,Chinese,2025-11-01,1,0,0,1.0,0.0,1.0,0.0,139,0.007194244604316547
Bay Avenue,Dutch,2025-11-01,1,0,0,1.0,0.0,1.0,0.0,139,0.007194244604316547
Bay Avenue,Egyptian,2025-11-01,3,0,0,3.0,0.0,1.0,0.0,139,0.02158273381294964
Bay Avenue,Filipina,2025-11-01,9,0,0,9.0,0.0,1.0,0.0,139,0.06474820143884892
Bay Avenue,French,2025-11-01,5,0,0,5.0,0.0,1.0,0.0,139,0.03597122302158273
Bay Avenue,German,2025-11-01,3,0,0,3.0,0.0,1.0,0.0,139,0.02158273381294964
Bay Avenue,Grenadian,2025-11-01,1,0,0,1.0,0.0,1.0,0.0,139,0.007194244604316547
Bay Avenue,Indian,2025-11-01,46,0,1,50.0,0.02,0.98,-4.0,139,0.33093525179856115
Bay Avenue,Iranian,2025-11-01,2,0,0,2.0,0.0,1.0,0.0,139,0.014388489208633094
Bay Avenue,Israeli,2025-11-01,1,0,0,1.0,0.0,1.0,0.0,139,0.007194244604316547
Bay Avenue,Italian,2025-11-01,1,0,0,1.0,0.0,1.0,0.0,139,0.007194244604316547
Bay Avenue,Lebanese,2025-11-01,3,0,0,3.0,0.0,1.0,0.0,139,0.02158273381294964
Bay Avenue,Norwegian,2025-11-01,1,0,0,1.0,0.0,1.0,0.0,139,0.007194244604316547
Bay Avenue,Pakistani,2025-11-01,6,0,0,6.0,0.0,1.0,0.0,139,0.04316546762589928
Bay Avenue,Palestinian,2025-11-01,1,0,0,1.0,0.0,1.0,0.0,139,0.007194244604316547
Bay Avenue,Portuguese,2025-11-01,2,0,0,2.0,0.0,1.0,0.0,139,0.014388489208633094
Bay Avenue,Romanian,2025-11-01,1,0,0,1.0,0.0,1.0,0.0,139,0.007194244604316547
Bay Avenue,Russian,2025-11-01,2,0,0,2.0,0.0,1.0,0.0,139,0.014388489208633094
Bay Avenue,Serbian,2025-11-01,1,0,0,1.0,0.0,1.0,0.0,139,0.007194244604316547
Bay Avenue,Singaporean,2025-11-01,1,0,0,1.0,0.0,1.0,0.0,139,0.007194244604316547
Bay Avenue,South African,2025-11-01,1,0,0,1.0,0.0,1.0,0.0,139,0.007194244604316547
Bay Avenue,South Korean,2025-11-01,1,0,0,1.0,0.0,1.0,0.0,139,0.007194244604316547
Bay Avenue,Sudanese,2025-11-01,1,0,0,1.0,0.0,1.0,0.0,139,0.007194244604316547
Bay Avenue,Swiss,2025-11-01,2,0,0,2.0,0.0,1.0,0.0,139,0.014388489208633094
Bay Avenue,Turkish,2025-11-01,3,0,0,3.0,0.0,1.0,0.0,139,0.02158273381294964
Bay Avenue,UAE,2025-11-01,1,0,0,1.0,0.0,1.0,0.0,139,0.007194244604316547
Bay Avenue,Unknown,2025-11-01,16,1,3,15.0,0.2,0.8,1.0,139,0.11510791366906475
Brands For Less,Armenian,2025-11-01,1,0,0,1.0,0.0,1.0,0.0,13,0.07692307692307693
Brands For Less,British,2025-11-01,1,0,0,1.0,0.0,1.0,0.0,13,0.07692307692307693
Brands For Less,Filipina,2025-11-01,2,0,0,2.0,0.0,1.0,0.0,13,0.15384615384615385
Brands For Less,Indian,2025-11-01,2,0,0,2.0,0.0,1.0,0.0,13,0.15384615384615385
Brands For Less,Lebanese,2025-11-01,3,0,1,3.0,0.3333333333333333,0.6666666666666667,0.0,13,0.23076923076923078
Brands For Less,Pakistani,2025-11-01,1,0,0,1.0,0.0,1.0,0.0,13,0.07692307692307693
Brands For Less,Palestinian,2025-11-01,1,0,0,1.0,0.0,1.0,0.0,13,0.07692307692307693
Brands For Less,Syrian,2025-11-01,1,0,0,1.0,0.0,1.0,0.0,13,0.07692307692307693
Brands For Less,Unknown,2025-11-01,1,0,0,1.0,0.0,1.0,0.0,13,0.07692307692307693
Circle Mall,American,2025-11-01,2,0,0,3.0,0.0,1.0,-1.0,127,0.015748031496062992
Circle Mall,Armenian,2025-11-01,1,0,0,1.0,0.0,1.0,0.0,127,0.007874015748031496
Circle Mall,Australian,2025-11-01,3,0,0,3.0,0.0,1.0,0.0,127,0.023622047244094488
Circle Mall,Belgian,2025-11-01,1,0,0,1.0,0.0,1.0,0.0,127,0.007874015748031496
Circle Mall,Brazilian,2025-11-01,2,0,0,2.0,0.0,1.0,0.0,127,0.015748031496062992
Circle Mall,British,2025-11-01,23,0,0,24.0,0.0,1.0,-1.0,127,0.18110236220472442
Circle Mall,Cameroonian,2025-11-01,1,0,0,1.0,0.0,1.0,0.0,127,0.007874015748031496
Circle Mall,Canadian,2025-11-01,2,0,0,2.0,0.0,1.0,0.0,127,0.015748031496062992
Circle Mall,Croatian,2025-11-01,1,0,0,1.0,0.0,1.0,0.0,127,0.007874015748031496
Circle Mall,Dutch,2025-11-01,1,0,0,1.0,0.0,1.0,0.0,127,0.007874015748031496
Circle Mall,Egyptian,2025-11-01,7,0,0,8.0,0.0,1.0,-1.0,127,0.05511811023622047
Circle Mall,Filipina,2025-11-01,6,0,0,6.0,0.0,1.0,0.0,127,0.047244094488188976
Circle Mall,French,2025-11-01,3,0,0,3.0,0.0,1.0,0.0,127,0.023622047244094488
Circle Mall,German,2025-11-01,3,0,0,3.0,0.0,1.0,0.0,127,0.023622047244094488
Circle Mall,Indian,2025-11-01,11,0,2,12.0,0.16666666666666666,0.8333333333333334,-1.0,127,0.08661417322834646
Circle Mall,Indonesian,2025-11-01,1,1,0,0.0,,,1.0,127,0.007874015748031496
Circle Mall,Irish,2025-11-01,4,0,0,4.0,0.0,1.0,0.0,127,0.031496062992125984
Circle Mall,Italian,2025-11-01,1,0,0,1.0,0.0,1.0,0.0,127,0.007874015748031496
Circle Mall,Jordanian,2025-11-01,4,1,0,3.0,0.0,1.0,1.0,127,0.031496062992125984
Circle Mall,Kenyan,2025-11-01,1,0,0,1.0,0.0,1.0,0.0,127,0.007874015748031496
Circle Mall,Lebanese,2025-11-01,15,0,1,16.0,0.0625,0.9375,-1.0,127,0.11811023622047244
Circle Mall,Maltese,2025-11-01,1,0,0,1.0,0.0,1.0,0.0,127,0.007874015748031496
Circle Mall,Moroccan,2025-11-01,2,0,0,2.0,0.0,1.0,0.0,127,0.015748031496062992
Circle Mall,Nigerian,2025-11-01,1,0,0,1.0,0.0,1.0,0.0,127,0.007874015748031496
Circle Mall,Pakistani,2025-11-01,3,0,0,4.0,0.0,1.0,-1.0,127,0.023622047244094488
Circle Mall,Palestinian,2025-11-01,1,0,0,1.0,0.0,1.0,0.0,127,0.007874015748031496
Circle Mall,Russian,2025-11-01,5,0,0,6.0,0.0,1.0,-1.0,127,0.03937007874015748
Circle Mall,Saint Kitts And Nevis,2025-11-01,1,0,0,1.0,0.0,1.0,0.0,127,0.007874015748031496
Circle Mall,Saint Lucian,2025-11-01,1,0,0,1.0,0.0,1.0,0.0,127,0.007874015748031496
Circle Mall,Slovakian,2025-11-01,1,0,0,1.0,0.0,1.0,0.0,127,0.007874015748031496
Circle Mall,South African,2025-11-01,1,0,0,1.0,0.0,1.0,0.0,127,0.007874015748031496
Circle Mall,Swedish,2025-11-01,1,0,0,1.0,0.0,1.0,0.0,127,0.007874015748031496
Circle Mall,Syrian,2025-11-01,3,0,0,4.0,0.0,1.0,-1.0,127,0.023622047244094488
Circle Mall,Tunisian,2025-11-01,1,1,0,1.0,0.0,1.0,0.0,127,0.007874015748031496
Circle Mall,Turkish,2025-11-01,2,0,0,2.0,0.0,1.0,0.0,127,0.015748031496062992
Circle Mall,Unknown,2025-11-01,10,1,1,11.0,0.09090909090909091,0.9090909090909091,-1.0,127,0.07874015748031496
City Centre Me'aisem,Algerian,2025-11-01,1,0,0,1.0,0.0,1.0,0.0,121,0.008264462809917356
City Centre Me'aisem,American,2025-11-01,1,0,0,1.0,0.0,1.0,0.0,121,0.008264462809917356
City Centre Me'aisem,Australian,2025-11-01,1,0,0,1.0,0.0,1.0,0.0,121,0.008264462809917356
City Centre Me'aisem,Belarusian,2025-11-01,1,0,0,1.0,0.0,1.0,0.0,121,0.008264462809917356
City Centre Me'aisem,Bosnian,2025-11-01,1,0,0,1.0,0.0,1.0,0.0,121,0.008264462809917356
City Centre Me'aisem,British,2025-11-01,13,0,1,14.0,0.07142857142857142,0.9285714285714286,-1.0,121,0.10743801652892562
City Centre Me'aisem,Canadian,2025-11-01,3,0,0,3.0,0.0,1.0,0.0,121,0.024793388429752067
City Centre Me'aisem,Chinese,2025-11-01,2,0,0,2.0,0.0,1.0,0.0,121,0.01652892561983471
City Centre Me'aisem,Cypriot,2025-11-01,1,0,0,1.0,0.0,1.0,0.0,121,0.008264462809917356
City Centre Me'aisem,Danish,2025-11-01,2,0,0,2.0,0.0,1.0,0.0,121,0.01652892561983471
City Centre Me'aisem,Dutch,2025-11-01,1,0,0,1.0,0.0,1.0,0.0,121,0.008264462809917356
City Centre Me'aisem,Egyptian,2025-11-01,2,1,0,1.0,0.0,1.0,1.0,121,0.01652892561983471
City Centre Me'aisem,Filipina,2025-11-01,12,0,1,12.0,0.08333333333333333,0.9166666666666666,0.0,121,0.09917355371900827
City Centre Me'aisem,French,2025-11-01,1,0,0,1.0,0.0,1.0,0.0,121,0.008264462809917356
City Centre Me'aisem,Indian,2025-11-01,25,0,1,26.0,0.038461538461538464,0.9615384615384616,-1.0,121,0.2066115702479339
City Centre Me'aisem,Iranian,2025-11-01,1,0,0,1.0,0.0,1.0,0.0,121,0.008264462809917356
City Centre Me'aisem,Irish,2025-11-01,2,0,0,2.0,0.0,1.0,0.0,121,0.01652892561983471
City Centre Me'aisem,Jordanian,2025-11-01,7,1,0,6.0,0.0,1.0,1.0,121,0.05785123966942149
City Centre Me'aisem,Kenyan,2025-11-01,1,0,0,1.0,0.0,1.0,0.0,121,0.008264462809917356
City Centre Me'aisem,Lebanese,2025-11-01,11,1,0,10.0,0.0,1.0,1.0,121,0.09090909090909091
City Centre Me'aisem,Moroccan,2025-11-01,2,0,0,2.0,0.0,1.0,0.0,121,0.01652892561983471
City Centre Me'aisem,Pakistani,2025-11-01,4,0,0,4.0,0.0,1.0,0.0,121,0.03305785123966942
City Centre Me'aisem,Portuguese,2025-11-01,1,0,0,1.0,0.0,1.0,0.0,121,0.008264462809917356
City Centre Me'aisem,South African,2025-11-01,1,0,1,2.0,0.5,0.5,-1.0,121,0.008264462809917356
City Centre Me'aisem,Swedish,2025-11-01,1,0,0,2.0,0.0,1.0,-1.0,121,0.008264462809917356
City Centre Me'aisem,Syrian,2025-11-01,3,0,0,3.0,0.0,1.0,0.0,121,0.024793388429752067
City Centre Me'aisem,Tunisian,2025-11-01,2,0,0,2.0,0.0,1.0,0.0,121,0.01652892561983471
City Centre Me'aisem,Turkish,2025-11-01,2,0,0,3.0,0.0,1.0,-1.0,121,0.01652892561983471
City Centre Me'aisem,Unknown,2025-11-01,15,2,0,13.0,0.0,1.0,2.0,121,0.12396694214876033
City Centre Me'aisem,Zimbabwean,2025-11-01,1,0,0,1.0,0.0,1.0,0.0,121,0.008264462809917356
Dubai Hills,Brazilian,2025-11-01,1,0,0,1.0,0.0,1.0,0.0,11,0.09090909090909091
Dubai Hills,British,2025-11-01,4,0,0,4.0,0.0,1.0,0.0,11,0.36363636363636365
Dubai Hills,Dominican,2025-11-01,1,1,0,0.0,,,1.0,11,0.09090909090909091
Dubai Hills,Indian,2025-11-01,1,0,0,1.0,0.0,1.0,0.0,11,0.09090909090909091
Dubai Hills,Syrian,2025-11-01,2,1,0,1.0,0.0,1.0,1.0,11,0.18181818181818182
Dubai Hills,Unknown,2025-11-01,2,0,0,2.0,0.0,1.0,0.0,11,0.18181818181818182
Festival City,American,2025-11-01,4,0,0,5.0,0.0,1.0,-1.0,305,0.013114754098360656
Festival City,Armenian,2025-11-01,1,0,0,1.0,0.0,1.0,0.0,305,0.003278688524590164
Festival City,Australian,2025-11-01,1,0,0,1.0,0.0,1.0,0.0,305,0.003278688524590164
Festival City,Belgian,2025-11-01,2,0,0,2.0,0.0,1.0,0.0,305,0.006557377049180328
Festival City,Brazilian,2025-11-01,1,0,0,1.0,0.0,1.0,0.0,305,0.003278688524590164
Festival City,British,2025-11-01,24,1,0,24.0,0.0,1.0,0.0,305,0.07868852459016394
Festival City,Canadian,2025-11-01,6,0,0,6.0,0.0,1.0,0.0,305,0.019672131147540985
Festival City,Chinese,2025-11-01,3,1,0,2.0,0.0,1.0,1.0,305,0.009836065573770493
Festival City,Colombian,2025-11-01,3,0,0,3.0,0.0,1.0,0.0,305,0.009836065573770493
Festival City,Egyptian,2025-11-01,8,0,0,8.0,0.0,1.0,0.0,305,0.02622950819672131
Festival City,Ethiopian,2025-11-01,2,0,0,2.0,0.0,1.0,0.0,305,0.006557377049180328
Festival City,Filipina,2025-11-01,94,2,1,95.0,0.010526315789473684,0.9894736842105263,-1.0,305,0.3081967213114754
Festival City,French,2025-11-01,13,0,0,13.0,0.0,1.0,0.0,305,0.04262295081967213
Festival City,German,2025-11-01,6,0,0,6.0,0.0,1.0,0.0,305,0.019672131147540985
Festival City,Hungarian,2025-11-01,1,0,0,1.0,0.0,1.0,0.0,305,0.003278688524590164
Festival City,Icelander,2025-11-01,1,0,0,1.0,0.0,1.0,0.0,305,0.003278688524590164
Festival City,Indian,2025-11-01,38,0,0,40.0,0.0,1.0,-2.0,305,0.12459016393442623
Festival City,Iranian,2025-11-01,1,0,0,1.0,0.0,1.0,0.0,305,0.003278688524590164
Festival City,Irish,2025-11-01,2,0,0,2.0,0.0,1.0,0.0,305,0.006557377049180328
Festival City,Italian,2025-11-01,2,1,0,1.0,0.0,1.0,1.0,305,0.006557377049180328
Festival City,Jordanian,2025-11-01,2,0,0,2.0,0.0,1.0,0.0,305,0.006557377049180328
Festival City,Kenyan,2025-11-01,6,0,0,6.0,0.0,1.0,0.0,305,0.019672131147540985
Festival City,Latvian,2025-11-01,1,0,0,1.0,0.0,1.0,0.0,305,0.003278688524590164
Festival City,Lebanese,2025-11-01,13,0,1,13.0,0.07692307692307693,0.9230769230769231,0.0,305,0.04262295081967213
Festival City,Lithuanian,2025-11-01,1,0,0,1.0,0.0,1.0,0.0,305,0.003278688524590164
Festival City,Macedonian,2025-11-01,1,0,0,1.0,0.0,1.0,0.0,305,0.003278688524590164
Festival City,Malaysian,2025-11-01,1,0,0,1.0,0.0,1.0,0.0,305,0.003278688524590164
Festival City,Mauritanian,2025-11-01,1,0,0,1.0,0.0,1.0,0.0,305,0.003278688524590164
Festival City,Nigerian,2025-11-01,1,0,0,1.0,0.0,1.0,0.0,305,0.003278688524590164
Festival City,Pakistani,2025-11-01,3,0,0,3.0,0.0,1.0,0.0,305,0.009836065573770493
Festival City,Peruvian,2025-11-01,1,0,0,1.0,0.0,1.0,0.0,305,0.003278688524590164
Festival City,Portuguese,2025-11-01,3,0,0,3.0,0.0,1.0,0.0,305,0.009836065573770493
Festival City,Russian,2025-11-01,2,0,0,2.0,0.0,1.0,0.0,305,0.006557377049180328
Festival City,Saint Kitts And Nevis,2025-11-01,1,0,0,1.0,0.0,1.0,0.0,305,0.003278688524590164
Festival City,Saudi Arabian,2025-11-01,1,0,0,1.0,0.0,1.0,0.0,305,0.003278688524590164
Festival City,Singaporean,2025-11-01,1,0,0,1.0,0.0,1.0,0.0,305,0.003278688524590164
Festival City,South African,2025-11-01,5,0,0,5.0,0.0,1.0,0.0,305,0.01639344262295082
Festival City,South Korean,2025-11-01,1,0,0,1.0,0.0,1.0,0.0,305,0.003278688524590164
Festival City,Spanish,2025-11-01,3,0,0,3.0,0.0,1.0,0.0,305,0.009836065573770493
Festival City,Sudanese,2025-11-01,3,0,0,3.0,0.0,1.0,0.0,305,0.009836065573770493
Festival City,Swiss,2025-11-01,1,1,0,0.0,,,1.0,305,0.003278688524590164
Festival City,Syrian,2025-11-01,1,0,0,1.0,0.0,1.0,0.0,305,0.003278688524590164
Festival City,Tunisian,2025-11-01,1,0,1,1.0,1.0,0.0,0.0,305,0.003278688524590164
Festival City,Turkish,2025-11-01,5,0,0,5.0,0.0,1.0,0.0,305,0.01639344262295082
Festival City,Turkmen,2025-11-01,1,1,0,0.0,,,1.0,305,0.003278688524590164
Festival City,Ukrainian,2025-11-01,1,0,0,1.0,0.0,1.0,0.0,305,0.003278688524590164
Festival City,Unknown,2025-11-01,28,4,4,25.0,0.16,0.84,3.0,305,0.09180327868852459
Festival City,Yemenite,2025-11-01,1,0,0,1.0,0.0,1.0,0.0,305,0.003278688524590164
Festival City,Zimbabwean,2025-11-01,2,0,0,2.0,0.0,1.0,0.0,305,0.006557377049180328
Festival Plaza,Afghan,2025-11-01,1,0,0,1.0,0.0,1.0,0.0,353,0.0028328611898017
Festival Plaza,Algerian,2025-11-01,1,0,0,1.0,0.0,1.0,0.0,353,0.0028328611898017
Festival Plaza,American,2025-11-01,5,0,0,5.0,0.0,1.0,0.0,353,0.014164305949008499
Festival Plaza,Australian,2025-11-01,8,0,0,8.0,0.0,1.0,0.0,353,0.0226628895184136
Festival Plaza,Austrian,2025-11-01,1,0,0,1.0,0.0,1.0,0.0,353,0.0028328611898017
Festival Plaza,Belgian,2025-11-01,4,0,0,4.0,0.0,1.0,0.0,353,0.0113314447592068
Festival Plaza,Bosnian,2025-11-01,1,0,0,1.0,0.0,1.0,0.0,353,0.0028328611898017
Festival Plaza,Brazilian,2025-11-01,4,0,0,4.0,0.0,1.0,0.0,353,0.0113314447592068
Festival Plaza,British,2025-11-01,33,2,1,32.0,0.03125,0.96875,1.0,353,0.09348441926345609
Festival Plaza,Bulgarian,2025-11-01,1,0,0,1.0,0.0,1.0,0.0,353,0.0028328611898017
Festival Plaza,Burkinabe,2025-11-01,1,0,0,1.0,0.0,1.0,0.0,353,0.0028328611898017
Festival Plaza,Canadian,2025-11-01,8,1,0,7.0,0.0,1.0,1.0,353,0.0226628895184136
Festival Plaza,Cypriot,2025-11-01,2,0,0,2.0,0.0,1.0,0.0,353,0.0056657223796034
Festival Plaza,Dutch,2025-11-01,3,0,0,3.0,0.0,1.0,0.0,353,0.0084985835694051
Festival Plaza,Egyptian,2025-11-01,7,1,0,9.0,0.0,1.0,-2.0,353,0.019830028328611898
Festival Plaza,Filipina,2025-11-01,55,0,1,56.0,0.017857142857142856,0.9821428571428571,-1.0,353,0.1558073654390935
Festival Plaza,French,2025-11-01,6,0,0,6.0,0.0,1.0,0.0,353,0.0169971671388102
Festival Plaza,German,2025-11-01,4,0,0,5.0,0.0,1.0,-1.0,353,0.0113314447592068
Festival Plaza,Ghanaian,2025-11-01,2,0,0,2.0,0.0,1.0,0.0,353,0.0056657223796034
Festival Plaza,Greek,2025-11-01,1,0,0,1.0,0.0,1.0,0.0,353,0.0028328611898017
Festival Plaza,Hungarian,2025-11-01,2,0,0,2.0,0.0,1.0,0.0,353,0.0056657223796034
Festival Plaza,Indian,2025-11-01,89,2,2,89.0,0.02247191011235955,0.9775280898876404,0.0,353,0.2521246458923513
Festival Plaza,Indonesian,2025-11-01,1,0,0,1.0,0.0,1.0,0.0,353,0.0028328611898017
Festival Plaza,Iranian,2025-11-01,2,0,0,2.0,0.0,1.0,0.0,353,0.0056657223796034
Festival Plaza,Irish,2025-11-01,1,0,0,1.0,0.0,1.0,0.0,353,0.0028328611898017
Festival Plaza,Italian,2025-11-01,2,0,0,2.0,0.0,1.0,0.0,353,0.0056657223796034
Festival Plaza,Jordanian,2025-11-01,5,0,0,5.0,0.0,1.0,0.0,353,0.014164305949008499
Festival Plaza,Kazakhstani,2025-11-01,1,0,0,1.0,0.0,1.0,0.0,353,0.0028328611898017
Festival Plaza,Kenyan,2025-11-01,2,0,0,2.0,0.0,1.0,0.0,353,0.0056657223796034
Festival Plaza,Kyrgyz,2025-11-01,1,0,0,1.0,0.0,1.0,0.0,353,0.0028328611898017
Festival Plaza,Lebanese,2025-11-01,8,0,0,8.0,0.0,1.0,0.0,353,0.0226628895184136
Festival Plaza,Malaysian,2025-11-01,1,0,0,1.0,0.0,1.0,0.0,353,0.0028328611898017
Festival Plaza,Mexican,2025-11-01,2,0,0,2.0,0.0,1.0,0.0,353,0.0056657223796034
Festival Plaza,Moroccan,2025-11-01,3,0,0,3.0,0.0,1.0,0.0,353,0.0084985835694051
Festival Plaza,Ni-Vanuatu,2025-11-01,1,0,0,1.0,0.0,1.0,0.0,353,0.0028328611898017
Festival Plaza,Pakistani,2025-11-01,5,0,0,5.0,0.0,1.0,0.0,353,0.014164305949008499
Festival Plaza,Palestinian,2025-11-01,1,0,0,1.0,0.0,1.0,0.0,353,0.0028328611898017
Festival Plaza,Polish,2025-11-01,1,0,0,2.0,0.0,1.0,-1.0,353,0.0028328611898017
Festival Plaza,Portuguese,2025-11-01,2,0,0,2.0,0.0,1.0,0.0,353,0.0056657223796034
Festival Plaza,Russian,2025-11-01,4,0,0,4.0,0.0,1.0,0.0,353,0.0113314447592068
Festival Plaza,Singaporean,2025-11-01,2,0,0,2.0,0.0,1.0,0.0,353,0.0056657223796034
Festival Plaza,South African,2025-11-01,7,1,0,6.0,0.0,1.0,1.0,353,0.019830028328611898
Festival Plaza,South Korean,2025-11-01,1,0,0,1.0,0.0,1.0,0.0,353,0.0028328611898017
Festival Plaza,Spanish,2025-11-01,1,0,0,1.0,0.0,1.0,0.0,353,0.0028328611898017
Festival Plaza,Sri Lankan,2025-11-01,5,1,0,4.0,0.0,1.0,1.0,353,0.014164305949008499
Festival Plaza,Sudanese,2025-11-01,2,1,0,1.0,0.0,1.0,1.0,353,0.0056657223796034
Festival Plaza,Swiss,2025-11-01,1,0,0,1.0,0.0,1.0,0.0,353,0.0028328611898017
Festival Plaza,Syrian,2025-11-01,2,0,0,2.0,0.0,1.0,0.0,353,0.0056657223796034
Festival Plaza,Trinidadian,2025-11-01,1,0,0,1.0,0.0,1.0,0.0,353,0.0028328611898017
Festival Plaza,Tunisian,2025-11-01,1,0,0,1.0,0.0,1.0,0.0,353,0.0028328611898017
Festival Plaza,Turkish,2025-11-01,9,1,2,8.0,0.25,0.75,1.0,353,0.025495750708215296
Festival Plaza,Ukrainian,2025-11-01,1,0,0,1.0,0.0,1.0,0.0,353,0.0028328611898017
Festival Plaza,Unknown,2025-11-01,38,4,6,36.0,0.16666666666666666,0.8333333333333334,2.0,353,0.10764872521246459
First Avenue,American,2025-11-01,4,0,0,4.0,0.0,1.0,0.0,124,0.03225806451612903
First Avenue,Argentinean,2025-11-01,2,0,0,2.0,0.0,1.0,0.0,124,0.016129032258064516
First Avenue,Australian,2025-11-01,2,0,0,2.0,0.0,1.0,0.0,124,0.016129032258064516
First Avenue,Austrian,2025-11-01,1,0,0,1.0,0.0,1.0,0.0,124,0.008064516129032258
First Avenue,British,2025-11-01,15,0,0,16.0,0.0,1.0,-1.0,124,0.12096774193548387
First Avenue,Bulgarian,2025-11-01,1,0,0,1.0,0.0,1.0,0.0,124,0.008064516129032258
First Avenue,Canadian,2025-11-01,5,0,0,5.0,0.0,1.0,0.0,124,0.04032258064516129
First Avenue,Chinese,2025-11-01,1,0,0,1.0,0.0,1.0,0.0,124,0.008064516129032258
First Avenue,Dominican,2025-11-01,1,0,0,1.0,0.0,1.0,0.0,124,0.008064516129032258
First Avenue,Dutch,2025-11-01,1,0,0,1.0,0.0,1.0,0.0,124,0.008064516129032258
First Avenue,Egyptian,2025-11-01,10,0,1,10.0,0.1,0.9,0.0,124,0.08064516129032258
First Avenue,Ethiopian,2025-11-01,1,0,0,1.0,0.0,1.0,0.0,124,0.008064516129032258
First Avenue,Filipina,2025-11-01,4,0,0,4.0,0.0,1.0,0.0,124,0.03225806451612903
First Avenue,French,2025-11-01,1,0,0,2.0,0.0,1.0,-1.0,124,0.008064516129032258
First Avenue,German,2025-11-01,1,0,0,2.0,0.0,1.0,-1.0,124,0.008064516129032258
First Avenue,Indian,2025-11-01,15,0,0,15.0,0.0,1.0,0.0,124,0.12096774193548387
First Avenue,Irish,2025-11-01,4,0,0,4.0,0.0,1.0,0.0,124,0.03225806451612903
First Avenue,Italian,2025-11-01,1,0,0,1.0,0.0,1.0,0.0,124,0.008064516129032258
First Avenue,Jordanian,2025-11-01,4,0,1,4.0,0.25,0.75,0.0,124,0.03225806451612903
First Avenue,Kenyan,2025-11-01,1,0,0,1.0,0.0,1.0,0.0,124,0.008064516129032258
First Avenue,Lebanese,2025-11-01,6,0,0,6.0,0.0,1.0,0.0,124,0.04838709677419355
First Avenue,Moroccan,2025-11-01,1,0,0,1.0,0.0,1.0,0.0,124,0.008064516129032258
First Avenue,New Zealander,2025-11-01,1,0,0,1.0,0.0,1.0,0.0,124,0.008064516129032258
First Avenue,Pakistani,2025-11-01,6,0,0,6.0,0.0,1.0,0.0,124,0.04838709677419355
First Avenue,Polish,2025-11-01,1,0,0,1.0,0.0,1.0,0.0,124,0.008064516129032258
First Avenue,Portuguese,2025-11-01,1,0,0,1.0,0.0,1.0,0.0,124,0.008064516129032258
First Avenue,Romanian,2025-11-01,1,0,0,1.0,0.0,1.0,0.0,124,0.008064516129032258
First Avenue,Serbian,2025-11-01,3,0,0,3.0,0.0,1.0,0.0,124,0.024193548387096774
First Avenue,South African,2025-11-01,5,0,0,5.0,0.0,1.0,0.0,124,0.04032258064516129
First Avenue,Spanish,2025-11-01,1,0,0,1.0,0.0,1.0,0.0,124,0.008064516129032258
First Avenue,Syrian,2025-11-01,6,0,0,6.0,0.0,1.0,0.0,124,0.04838709677419355
First Avenue,Tunisian,2025-11-01,1,0,0,1.0,0.0,1.0,0.0,124,0.008064516129032258
First Avenue,Turkish,2025-11-01,2,0,0,2.0,0.0,1.0,0.0,124,0.016129032258064516
First Avenue,Ukrainian,2025-11-01,2,0,0,2.0,0.0,1.0,0.0,124,0.016129032258064516
First Avenue,Unknown,2025-11-01,11,1,2,11.0,0.18181818181818182,0.8181818181818181,0.0,124,0.08870967741935484
First Avenue,Zimbabwean,2025-11-01,1,0,0,1.0,0.0,1.0,0.0,124,0.008064516129032258
Golden Miles,Australian,2025-11-01,2,0,0,2.0,0.0,1.0,0.0,88,0.022727272727272728
Golden Miles,Austrian,2025-11-01,1,0,0,1.0,0.0,1.0,0.0,88,0.011363636363636364
Golden Miles,Bangladeshi,2025-11-01,1,0,0,1.0,0.0,1.0,0.0,88,0.011363636363636364
Golden Miles,British,2025-11-01,16,1,1,16.0,0.0625,0.9375,0.0,88,0.18181818181818182
Golden Miles,Canadian,2025-11-01,4,0,0,4.0,0.0,1.0,0.0,88,0.045454545454545456
Golden Miles,Cypriot,2025-11-01,1,0,0,1.0,0.0,1.0,0.0,88,0.011363636363636364
Golden Miles,Egyptian,2025-11-01,5,0,0,6.0,0.0,1.0,-1.0,88,0.056818181818181816
Golden Miles,Ethiopian,2025-11-01,1,0,0,1.0,0.0,1.0,0.0,88,0.011363636363636364
Golden Miles,Filipina,2025-11-01,3,0,0,4.0,0.0,1.0,-1.0,88,0.03409090909090909
Golden Miles,French,2025-11-01,1,0,0,2.0,0.0,1.0,-1.0,88,0.011363636363636364
Golden Miles,German,2025-11-01,3,0,0,4.0,0.0,1.0,-1.0,88,0.03409090909090909
Golden Miles,Indian,2025-11-01,6,0,0,6.0,0.0,1.0,0.0,88,0.06818181818181818
Golden Miles,Irish,2025-11-01,1,0,0,1.0,0.0,1.0,0.0,88,0.011363636363636364
Golden Miles,Israeli,2025-11-01,1,0,0,1.0,0.0,1.0,0.0,88,0.011363636363636364
Golden Miles,Italian,2025-11-01,4,0,0,4.0,0.0,1.0,0.0,88,0.045454545454545456
Golden Miles,Lebanese,2025-11-01,2,1,0,1.0,0.0,1.0,1.0,88,0.022727272727272728
Golden Miles,New Zealander,2025-11-01,1,0,0,1.0,0.0,1.0,0.0,88,0.011363636363636364
Golden Miles,Nigerian,2025-11-01,1,0,0,1.0,0.0,1.0,0.0,88,0.011363636363636364
Golden Miles,Pakistani,2025-11-01,1,0,0,1.0,0.0,1.0,0.0,88,0.011363636363636364
Golden Miles,Portuguese,2025-11-01,1,0,0,1.0,0.0,1.0,0.0,88,0.011363636363636364
Golden Miles,Russian,2025-11-01,2,0,0,3.0,0.0,1.0,-1.0,88,0.022727272727272728
Golden Miles,Saint Kitts And Nevis,2025-11-01,1,0,0,1.0,0.0,1.0,0.0,88,0.011363636363636364
Golden Miles,Spanish,2025-11-01,1,1,0,0.0,,,1.0,88,0.011363636363636364
Golden Miles,Swedish,2025-11-01,3,0,0,3.0,0.0,1.0,0.0,88,0.03409090909090909
Golden Miles,Turkish,2025-11-01,4,0,0,4.0,0.0,1.0,0.0,88,0.045454545454545456
Golden Miles,Ukrainian,2025-11-01,3,0,0,3.0,0.0,1.0,0.0,88,0.03409090909090909
Golden Miles,Unknown,2025-11-01,17,1,2,18.0,0.1111111111111111,0.8888888888888888,-1.0,88,0.19318181818181818
Golden Miles,Uzbekistani,2025-11-01,1,0,0,1.0,0.0,1.0,0.0,88,0.011363636363636364
Main center Dubai,Algerian,2025-11-01,1,0,0,1.0,0.0,1.0,0.0,145,0.006896551724137931
Main center Dubai,American,2025-11-01,3,0,0,3.0,0.0,1.0,0.0,145,0.020689655172413793
Main center Dubai,Angolan,2025-11-01,1,0,0,1.0,0.0,1.0,0.0,145,0.006896551724137931
Main center Dubai,Azerbaijani,2025-11-01,1,0,0,1.0,0.0,1.0,0.0,145,0.006896551724137931
Main center Dubai,Belarusian,2025-11-01,1,1,0,0.0,,,1.0,145,0.006896551724137931
Main center Dubai,Belgian,2025-11-01,2,1,0,1.0,0.0,1.0,1.0,145,0.013793103448275862
Main center Dubai,Brazilian,2025-11-01,1,0,0,1.0,0.0,1.0,0.0,145,0.006896551724137931
Main center Dubai,British,2025-11-01,5,0,1,5.0,0.2,0.8,0.0,145,0.034482758620689655
Main center Dubai,Cameroonian,2025-11-01,1,1,0,0.0,,,1.0,145,0.006896551724137931
Main center Dubai,Canadian,2025-11-01,5,2,0,5.0,0.0,1.0,0.0,145,0.034482758620689655
Main center Dubai,Chinese,2025-11-01,3,1,0,2.0,0.0,1.0,1.0,145,0.020689655172413793
Main center Dubai,Croatian,2025-11-01,1,1,0,0.0,,,1.0,145,0.006896551724137931
Main center Dubai,Danish,2025-11-01,1,0,0,1.0,0.0,1.0,0.0,145,0.006896551724137931
Main center Dubai,Dominican,2025-11-01,3,1,0,2.0,0.0,1.0,1.0,145,0.020689655172413793
Main center Dubai,Dutch,2025-11-01,3,0,0,3.0,0.0,1.0,0.0,145,0.020689655172413793
Main center Dubai,Egyptian,2025-11-01,3,0,0,3.0,0.0,1.0,0.0,145,0.020689655172413793
Main center Dubai,Estonian,2025-11-01,1,0,0,1.0,0.0,1.0,0.0,145,0.006896551724137931
Main center Dubai,Filipina,2025-11-01,9,3,0,7.0,0.0,1.0,2.0,145,0.06206896551724138
Main center Dubai,French,2025-11-01,5,0,0,6.0,0.0,1.0,-1.0,145,0.034482758620689655
Main center Dubai,German,2025-11-01,1,1,1,0.0,,,1.0,145,0.006896551724137931
Main center Dubai,Greek,2025-11-01,1,0,0,1.0,0.0,1.0,0.0,145,0.006896551724137931
Main center Dubai,Indian,2025-11-01,19,2,0,17.0,0.0,1.0,2.0,145,0.1310344827586207
Main center Dubai,Iranian,2025-11-01,4,1,0,3.0,0.0,1.0,1.0,145,0.027586206896551724
Main center Dubai,Irish,2025-11-01,3,0,0,3.0,0.0,1.0,0.0,145,0.020689655172413793
Main center Dubai,Italian,2025-11-01,2,0,0,2.0,0.0,1.0,0.0,145,0.013793103448275862
Main center Dubai,Jordanian,2025-11-01,5,1,0,4.0,0.0,1.0,1.0,145,0.034482758620689655
Main center Dubai,Kazakhstani,2025-11-01,1,1,0,0.0,,,1.0,145,0.006896551724137931
Main center Dubai,Kenyan,2025-11-01,2,0,0,2.0,0.0,1.0,0.0,145,0.013793103448275862
Main center Dubai,Lebanese,2025-11-01,8,1,0,7.0,0.0,1.0,1.0,145,0.05517241379310345
Main center Dubai,Montenegrin,2025-11-01,1,0,0,1.0,0.0,1.0,0.0,145,0.006896551724137931
Main center Dubai,Pakistani,2025-11-01,3,0,0,3.0,0.0,1.0,0.0,145,0.020689655172413793
Main center Dubai,Russian,2025-11-01,4,1,1,3.0,0.3333333333333333,0.6666666666666667,1.0,145,0.027586206896551724
Main center Dubai,Slovenian,2025-11-01,1,1,0,0.0,,,1.0,145,0.006896551724137931
Main center Dubai,Sudanese,2025-11-01,1,0,0,1.0,0.0,1.0,0.0,145,0.006896551724137931
Main center Dubai,Syrian,2025-11-01,1,0,0,1.0,0.0,1.0,0.0,145,0.006896551724137931
Main center Dubai,Tunisian,2025-11-01,1,1,0,0.0,,,1.0,145,0.006896551724137931
Main center Dubai,Turkish,2025-11-01,4,1,1,3.0,0.3333333333333333,0.6666666666666667,1.0,145,0.027586206896551724
Main center Dubai,UAE,2025-11-01,1,1,1,1.0,1.0,0.0,0.0,145,0.006896551724137931
Main center Dubai,Ugandan,2025-11-01,1,0,1,1.0,1.0,0.0,0.0,145,0.006896551724137931
Main center Dubai,Ukrainian,2025-11-01,1,0,0,1.0,0.0,1.0,0.0,145,0.006896551724137931
Main center Dubai,Unknown,2025-11-01,29,7,2,25.0,0.08,0.92,4.0,145,0.2
Main center Dubai,Yemenite,2025-11-01,1,0,0,1.0,0.0,1.0,0.0,145,0.006896551724137931
Mall of Emirates,Algerian,2025-11-01,1,0,0,1.0,0.0,1.0,0.0,234,0.004273504273504274
Mall of Emirates,American,2025-11-01,2,0,0,3.0,0.0,1.0,-1.0,234,0.008547008547008548
Mall of Emirates,Argentinean,2025-11-01,1,0,0,1.0,0.0,1.0,0.0,234,0.004273504273504274
Mall of Emirates,Australian,2025-11-01,2,0,0,2.0,0.0,1.0,0.0,234,0.008547008547008548
Mall of Emirates,Austrian,2025-11-01,1,0,0,1.0,0.0,1.0,0.0,234,0.004273504273504274
Mall of Emirates,Azerbaijani,2025-11-01,2,1,0,1.0,0.0,1.0,1.0,234,0.008547008547008548
Mall of Emirates,Bangladeshi,2025-11-01,1,0,0,1.0,0.0,1.0,0.0,234,0.004273504273504274
Mall of Emirates,Brazilian,2025-11-01,1,0,1,1.0,1.0,0.0,0.0,234,0.004273504273504274
Mall of Emirates,British,2025-11-01,24,1,0,24.0,0.0,1.0,0.0,234,0.10256410256410256
Mall of Emirates,Bulgarian,2025-11-01,1,0,0,1.0,0.0,1.0,0.0,234,0.004273504273504274
Mall of Emirates,Canadian,2025-11-01,7,0,1,7.0,0.14285714285714285,0.8571428571428572,0.0,234,0.029914529914529916
Mall of Emirates,Chinese,2025-11-01,6,1,0,5.0,0.0,1.0,1.0,234,0.02564102564102564
Mall of Emirates,Colombian,2025-11-01,1,0,0,1.0,0.0,1.0,0.0,234,0.004273504273504274
Mall of Emirates,Congolese,2025-11-01,1,0,0,1.0,0.0,1.0,0.0,234,0.004273504273504274
Mall of Emirates,Cypriot,2025-11-01,2,1,0,1.0,0.0,1.0,1.0,234,0.008547008547008548
Mall of Emirates,Dutch,2025-11-01,2,0,0,2.0,0.0,1.0,0.0,234,0.008547008547008548
Mall of Emirates,Egyptian,2025-11-01,4,1,0,4.0,0.0,1.0,0.0,234,0.017094017094017096
Mall of Emirates,Ethiopian,2025-11-01,1,0,0,1.0,0.0,1.0,0.0,234,0.004273504273504274
Mall of Emirates,Filipina,2025-11-01,24,0,0,24.0,0.0,1.0,0.0,234,0.10256410256410256
Mall of Emirates,French,2025-11-01,14,1,0,16.0,0.0,1.0,-2.0,234,0.05982905982905983
Mall of Emirates,German,2025-11-01,1,0,0,2.0,0.0,1.0,-1.0,234,0.004273504273504274
Mall of Emirates,Ghanaian,2025-11-01,1,1,0,0.0,,,1.0,234,0.004273504273504274
Mall of Emirates,Greek,2025-11-01,1,0,0,1.0,0.0,1.0,0.0,234,0.004273504273504274
Mall of Emirates,Hungarian,2025-11-01,1,0,0,1.0,0.0,1.0,0.0,234,0.004273504273504274
Mall of Emirates,Indian,2025-11-01,20,0,0,23.0,0.0,1.0,-3.0,234,0.08547008547008547
Mall of Emirates,Iranian,2025-11-01,2,0,0,2.0,0.0,1.0,0.0,234,0.008547008547008548
Mall of Emirates,Irish,2025-11-01,4,0,0,4.0,0.0,1.0,0.0,234,0.017094017094017096
Mall of Emirates,Italian,2025-11-01,4,1,0,4.0,0.0,1.0,0.0,234,0.017094017094017096
Mall of Emirates,Jordanian,2025-11-01,2,0,0,2.0,0.0,1.0,0.0,234,0.008547008547008548
Mall of Emirates,Kazakhstani,2025-11-01,1,0,0,1.0,0.0,1.0,0.0,234,0.004273504273504274
Mall of Emirates,Lebanese,2025-11-01,18,3,0,15.0,0.0,1.0,3.0,234,0.07692307692307693
Mall of Emirates,Malaysian,2025-11-01,1,0,0,1.0,0.0,1.0,0.0,234,0.004273504273504274
Mall of Emirates,Pakistani,2025-11-01,8,0,0,8.0,0.0,1.0,0.0,234,0.03418803418803419
Mall of Emirates,Peruvian,2025-11-01,1,0,0,1.0,0.0,1.0,0.0,234,0.004273504273504274
Mall of Emirates,Portuguese,2025-11-01,1,0,0,1.0,0.0,1.0,0.0,234,0.004273504273504274
Mall of Emirates,Romanian,2025-11-01,1,0,0,1.0,0.0,1.0,0.0,234,0.004273504273504274
Mall of Emirates,Russian,2025-11-01,5,0,0,5.0,0.0,1.0,0.0,234,0.021367521367521368
Mall of Emirates,Saint Kitts And Nevis,2025-11-01,1,0,0,1.0,0.0,1.0,0.0,234,0.004273504273504274
Mall of Emirates,Saudi Arabian,2025-11-01,1,0,0,1.0,0.0,1.0,0.0,234,0.004273504273504274
Mall of Emirates,Serbian,2025-11-01,2,0,0,2.0,0.0,1.0,0.0,234,0.008547008547008548
Mall of Emirates,Singaporean,2025-11-01,2,0,0,2.0,0.0,1.0,0.0,234,0.008547008547008548
Mall of Emirates,South African,2025-11-01,3,1,0,2.0,0.0,1.0,1.0,234,0.01282051282051282
Mall of Emirates,Spanish,2025-11-01,3,1,0,2.0,0.0,1.0,1.0,234,0.01282051282051282
Mall of Emirates,Swazi,2025-11-01,1,0,0,1.0,0.0,1.0,0.0,234,0.004273504273504274
Mall of Emirates,Swedish,2025-11-01,1,0,0,1.0,0.0,1.0,0.0,234,0.004273504273504274
Mall of Emirates,Swiss,2025-11-01,2,0,0,2.0,0.0,1.0,0.0,234,0.008547008547008548
Mall of Emirates,Syrian,2025-11-01,3,1,0,2.0,0.0,1.0,1.0,234,0.01282051282051282
Mall of Emirates,Tanzanian,2025-11-01,1,0,0,1.0,0.0,1.0,0.0,234,0.004273504273504274
Mall of Emirates,Tunisian,2025-11-01,1,0,0,1.0,0.0,1.0,0.0,234,0.004273504273504274
Mall of Emirates,Turkish,2025-11-01,5,0,0,6.0,0.0,1.0,-1.0,234,0.021367521367521368
Mall of Emirates,UAE,2025-11-01,1,0,0,1.0,0.0,1.0,0.0,234,0.004273504273504274
Mall of Emirates,Ukrainian,2025-11-01,1,0,0,1.0,0.0,1.0,0.0,234,0.004273504273504274
Mall of Emirates,Unknown,2025-11-01,36,5,0,37.0,0.0,1.0,-1.0,234,0.15384615384615385
Marina Mall,American,2025-11-01,5,0,0,5.0,0.0,1.0,0.0,153,0.032679738562091505
Marina Mall,Argentinean,2025-11-01,1,0,0,1.0,0.0,1.0,0.0,153,0.006535947712418301
Marina Mall,Australian,2025-11-01,3,0,0,3.0,0.0,1.0,0.0,153,0.0196078431372549
Marina Mall,Austrian,2025-11-01,1,0,0,1.0,0.0,1.0,0.0,153,0.006535947712418301
Marina Mall,Belgian,2025-11-01,1,0,0,1.0,0.0,1.0,0.0,153,0.006535947712418301
Marina Mall,British,2025-11-01,9,0,0,10.0,0.0,1.0,-1.0,153,0.058823529411764705
Marina Mall,Canadian,2025-11-01,3,1,0,2.0,0.0,1.0,1.0,153,0.0196078431372549
Marina Mall,Chinese,2025-11-01,1,0,0,1.0,0.0,1.0,0.0,153,0.006535947712418301
Marina Mall,Danish,2025-11-01,1,0,0,1.0,0.0,1.0,0.0,153,0.006535947712418301
Marina Mall,Djibouti,2025-11-01,1,0,0,1.0,0.0,1.0,0.0,153,0.006535947712418301
Marina Mall,Dominican,2025-11-01,1,0,0,1.0,0.0,1.0,0.0,153,0.006535947712418301
Marina Mall,Egyptian,2025-11-01,6,0,0,7.0,0.0,1.0,-1.0,153,0.0392156862745098
Marina Mall,Filipina,2025-11-01,45,1,0,46.0,0.0,1.0,-1.0,153,0.29411764705882354
Marina Mall,French,2025-11-01,4,0,0,4.0,0.0,1.0,0.0,153,0.026143790849673203
Marina Mall,Indian,2025-11-01,29,1,0,28.0,0.0,1.0,1.0,153,0.1895424836601307
Marina Mall,Italian,2025-11-01,2,0,0,2.0,0.0,1.0,0.0,153,0.013071895424836602
Marina Mall,Jordanian,2025-11-01,3,0,0,4.0,0.0,1.0,-1.0,153,0.0196078431372549
Marina Mall,Lebanese,2025-11-01,2,0,0,2.0,0.0,1.0,0.0,153,0.013071895424836602
Marina Mall,Malaysian,2025-11-01,1,0,0,1.0,0.0,1.0,0.0,153,0.006535947712418301
Marina Mall,Pakistani,2025-11-01,2,0,0,2.0,0.0,1.0,0.0,153,0.013071895424836602
Marina Mall,Palestinian,2025-11-01,1,0,0,1.0,0.0,1.0,0.0,153,0.006535947712418301
Marina Mall,Polish,2025-11-01,1,0,0,1.0,0.0,1.0,0.0,153,0.006535947712418301
Marina Mall,Russian,2025-11-01,1,0,0,1.0,0.0,1.0,0.0,153,0.006535947712418301
Marina Mall,South African,2025-11-01,2,0,0,2.0,0.0,1.0,0.0,153,0.013071895424836602
Marina Mall,South Korean,2025-11-01,1,0,0,1.0,0.0,1.0,0.0,153,0.006535947712418301
Marina Mall,Spanish,2025-11-01,2,0,0,2.0,0.0,1.0,0.0,153,0.013071895424836602
Marina Mall,Swedish,2025-11-01,2,0,0,2.0,0.0,1.0,0.0,153,0.013071895424836602
Marina Mall,Tunisian,2025-11-01,1,0,0,2.0,0.0,1.0,-1.0,153,0.006535947712418301
Marina Mall,Turkish,2025-11-01,1,0,0,1.0,0.0,1.0,0.0,153,0.006535947712418301
Marina Mall,UAE,2025-11-01,2,0,1,2.0,0.5,0.5,0.0,153,0.013071895424836602
Marina Mall,Unknown,2025-11-01,16,2,0,14.0,0.0,1.0,2.0,153,0.10457516339869281
Marina Mall,Zimbabwean,2025-11-01,2,0,0,2.0,0.0,1.0,0.0,153,0.013071895424836602
Meadows souk shop,Afghan,2025-11-01,1,0,0,1.0,0.0,1.0,0.0,124,0.008064516129032258
Meadows souk shop,American,2025-11-01,3,0,0,4.0,0.0,1.0,-1.0,124,0.024193548387096774
Meadows souk shop,Argentinean,2025-11-01,1,0,0,1.0,0.0,1.0,0.0,124,0.008064516129032258
Meadows souk shop,Armenian,2025-11-01,1,0,0,1.0,0.0,1.0,0.0,124,0.008064516129032258
Meadows souk shop,Australian,2025-11-01,4,0,0,4.0,0.0,1.0,0.0,124,0.03225806451612903
Meadows souk shop,Austrian,2025-11-01,1,0,0,1.0,0.0,1.0,0.0,124,0.008064516129032258
Meadows souk shop,Brazilian,2025-11-01,1,0,0,1.0,0.0,1.0,0.0,124,0.008064516129032258
Meadows souk shop,British,2025-11-01,18,0,0,18.0,0.0,1.0,0.0,124,0.14516129032258066
Meadows souk shop,Canadian,2025-11-01,6,0,0,7.0,0.0,1.0,-1.0,124,0.04838709677419355
Meadows souk shop,Cypriot,2025-11-01,1,0,0,1.0,0.0,1.0,0.0,124,0.008064516129032258
Meadows souk shop,Egyptian,2025-11-01,2,0,0,2.0,0.0,1.0,0.0,124,0.016129032258064516
Meadows souk shop,Filipina,2025-11-01,5,0,1,5.0,0.2,0.8,0.0,124,0.04032258064516129
Meadows souk shop,French,2025-11-01,3,0,1,3.0,0.3333333333333333,0.6666666666666667,0.0,124,0.024193548387096774
Meadows souk shop,German,2025-11-01,6,0,0,6.0,0.0,1.0,0.0,124,0.04838709677419355
Meadows souk shop,Greek,2025-11-01,1,0,0,1.0,0.0,1.0,0.0,124,0.008064516129032258
Meadows souk shop,Indian,2025-11-01,10,0,0,11.0,0.0,1.0,-1.0,124,0.08064516129032258
Meadows souk shop,Irish,2025-11-01,4,0,0,4.0,0.0,1.0,0.0,124,0.03225806451612903
Meadows souk shop,Italian,2025-11-01,6,0,0,8.0,0.0,1.0,-2.0,124,0.04838709677419355
Meadows souk shop,Jordanian,2025-11-01,3,0,0,3.0,0.0,1.0,0.0,124,0.024193548387096774
Meadows souk shop,Kazakhstani,2025-11-01,1,0,0,1.0,0.0,1.0,0.0,124,0.008064516129032258
Meadows souk shop,Lebanese,2025-11-01,6,0,0,7.0,0.0,1.0,-1.0,124,0.04838709677419355
Meadows souk shop,Malaysian,2025-11-01,1,0,0,1.0,0.0,1.0,0.0,124,0.008064516129032258
Meadows souk shop,Pakistani,2025-11-01,3,0,0,3.0,0.0,1.0,0.0,124,0.024193548387096774
Meadows souk shop,Portuguese,2025-11-01,1,0,0,1.0,0.0,1.0,0.0,124,0.008064516129032258
Meadows souk shop,Russian,2025-11-01,3,0,0,3.0,0.0,1.0,0.0,124,0.024193548387096774
Meadows souk shop,Serbian,2025-11-01,1,0,0,1.0,0.0,1.0,0.0,124,0.008064516129032258
Meadows souk shop,South African,2025-11-01,4,0,0,4.0,0.0,1.0,0.0,124,0.03225806451612903
Meadows souk shop,Spanish,2025-11-01,3,0,0,3.0,0.0,1.0,0.0,124,0.024193548387096774
Meadows souk shop,Swedish,2025-11-01,2,0,0,3.0,0.0,1.0,-1.0,124,0.016129032258064516
Meadows souk shop,Swiss,2025-11-01,2,0,0,2.0,0.0,1.0,0.0,124,0.016129032258064516
Meadows souk shop,Turkish,2025-11-01,4,0,0,4.0,0.0,1.0,0.0,124,0.03225806451612903
Meadows souk shop,Unknown,2025-11-01,15,0,1,16.0,0.0625,0.9375,-1.0,124,0.12096774193548387
Meadows souk shop,Venezuelan,2025-11-01,1,0,0,1.0,0.0,1.0,0.0,124,0.008064516129032258
Mercato,American,2025-11-01,2,0,0,2.0,0.0,1.0,0.0,131,0.015267175572519083
Mercato,Armenian,2025-11-01,1,0,0,1.0,0.0,1.0,0.0,131,0.007633587786259542
Mercato,Australian,2025-11-01,2,0,0,2.0,0.0,1.0,0.0,131,0.015267175572519083
Mercato,Belgian,2025-11-01,1,0,0,1.0,0.0,1.0,0.0,131,0.007633587786259542
Mercato,British,2025-11-01,9,2,0,7.0,0.0,1.0,2.0,131,0.06870229007633588
Mercato,Bulgarian,2025-11-01,1,0,0,1.0,0.0,1.0,0.0,131,0.007633587786259542
Mercato,Canadian,2025-11-01,7,0,0,7.0,0.0,1.0,0.0,131,0.05343511450381679
Mercato,Chinese,2025-11-01,1,0,0,1.0,0.0,1.0,0.0,131,0.007633587786259542
Mercato,Colombian,2025-11-01,1,0,0,1.0,0.0,1.0,0.0,131,0.007633587786259542
Mercato,Egyptian,2025-11-01,2,0,0,2.0,0.0,1.0,0.0,131,0.015267175572519083
Mercato,Filipina,2025-11-01,15,0,0,15.0,0.0,1.0,0.0,131,0.11450381679389313
Mercato,French,2025-11-01,9,1,0,8.0,0.0,1.0,1.0,131,0.06870229007633588
Mercato,German,2025-11-01,2,0,0,2.0,0.0,1.0,0.0,131,0.015267175572519083
Mercato,Greek,2025-11-01,1,0,0,1.0,0.0,1.0,0.0,131,0.007633587786259542
Mercato,Indian,2025-11-01,20,1,0,19.0,0.0,1.0,1.0,131,0.15267175572519084
Mercato,Iranian,2025-11-01,3,0,0,3.0,0.0,1.0,0.0,131,0.022900763358778626
Mercato,Italian,2025-11-01,3,0,0,3.0,0.0,1.0,0.0,131,0.022900763358778626
Mercato,Jordanian,2025-11-01,2,0,0,2.0,0.0,1.0,0.0,131,0.015267175572519083
Mercato,Kazakhstani,2025-11-01,1,0,1,1.0,1.0,0.0,0.0,131,0.007633587786259542
Mercato,Lebanese,2025-11-01,4,0,0,4.0,0.0,1.0,0.0,131,0.030534351145038167
Mercato,Maltese,2025-11-01,1,0,0,1.0,0.0,1.0,0.0,131,0.007633587786259542
Mercato,Moroccan,2025-11-01,2,1,0,1.0,0.0,1.0,1.0,131,0.015267175572519083
Mercato,Pakistani,2025-11-01,3,0,0,3.0,0.0,1.0,0.0,131,0.022900763358778626
Mercato,Portuguese,2025-11-01,1,0,0,1.0,0.0,1.0,0.0,131,0.007633587786259542
Mercato,Russian,2025-11-01,3,0,0,3.0,0.0,1.0,0.0,131,0.022900763358778626
Mercato,Saudi Arabian,2025-11-01,1,0,0,1.0,0.0,1.0,0.0,131,0.007633587786259542
Mercato,Slovakian,2025-11-01,1,0,0,1.0,0.0,1.0,0.0,131,0.007633587786259542
Mercato,Spanish,2025-11-01,3,1,0,2.0,0.0,1.0,1.0,131,0.022900763358778626
Mercato,Swazi,2025-11-01,1,0,0,1.0,0.0,1.0,0.0,131,0.007633587786259542
Mercato,Swedish,2025-11-01,1,0,0,1.0,0.0,1.0,0.0,131,0.007633587786259542
Mercato,Swiss,2025-11-01,2,0,0,2.0,0.0,1.0,0.0,131,0.015267175572519083
Mercato,Syrian,2025-11-01,1,0,0,1.0,0.0,1.0,0.0,131,0.007633587786259542
Mercato,Turkish,2025-11-01,5,0,0,5.0,0.0,1.0,0.0,131,0.03816793893129771
Mercato,Unknown,2025-11-01,18,4,1,14.0,0.07142857142857142,0.9285714285714286,4.0,131,0.13740458015267176
Mercato,Venezuelan,2025-11-01,1,0,0,1.0,0.0,1.0,0.0,131,0.007633587786259542
Mirdif City Center,Algerian,2025-11-01,1,0,0,1.0,0.0,1.0,0.0,89,0.011235955056179775
Mirdif City Center,American,2025-11-01,1,0,0,1.0,0.0,1.0,0.0,89,0.011235955056179775
Mirdif City Center,Armenian,2025-11-01,1,1,0,0.0,,,1.0,89,0.011235955056179775
Mirdif City Center,British,2025-11-01,9,0,0,9.0,0.0,1.0,0.0,89,0.10112359550561797
Mirdif City Center,Burundian,2025-11-01,1,0,0,1.0,0.0,1.0,0.0,89,0.011235955056179775
Mirdif City Center,Canadian,2025-11-01,2,0,0,2.0,0.0,1.0,0.0,89,0.02247191011235955
Mirdif City Center,Chinese,2025-11-01,1,0,0,1.0,0.0,1.0,0.0,89,0.011235955056179775
Mirdif City Center,Dutch,2025-11-01,1,0,0,1.0,0.0,1.0,0.0,89,0.011235955056179775
Mirdif City Center,Egyptian,2025-11-01,3,0,0,3.0,0.0,1.0,0.0,89,0.033707865168539325
Mirdif City Center,Filipina,2025-11-01,15,2,1,13.0,0.07692307692307693,0.9230769230769231,2.0,89,0.16853932584269662
Mirdif City Center,French,2025-11-01,4,1,0,3.0,0.0,1.0,1.0,89,0.0449438202247191
Mirdif City Center,Indian,2025-11-01,17,1,0,17.0,0.0,1.0,0.0,89,0.19101123595505617
Mirdif City Center,Jordanian,2025-11-01,1,0,0,1.0,0.0,1.0,0.0,89,0.011235955056179775
Mirdif City Center,Lebanese,2025-11-01,5,0,0,6.0,0.0,1.0,-1.0,89,0.056179775280898875
Mirdif City Center,Malaysian,2025-11-01,1,0,0,1.0,0.0,1.0,0.0,89,0.011235955056179775
Mirdif City Center,Montenegrin,2025-11-01,1,0,0,1.0,0.0,1.0,0.0,89,0.011235955056179775
Mirdif City Center,Nepali,2025-11-01,1,0,0,1.0,0.0,1.0,0.0,89,0.011235955056179775
Mirdif City Center,Norwegian,2025-11-01,1,0,0,1.0,0.0,1.0,0.0,89,0.011235955056179775
Mirdif City Center,Pakistani,2025-11-01,3,2,0,1.0,0.0,1.0,2.0,89,0.033707865168539325
Mirdif City Center,Portuguese,2025-11-01,1,0,0,1.0,0.0,1.0,0.0,89,0.011235955056179775
Mirdif City Center,Russian,2025-11-01,1,0,0,1.0,0.0,1.0,0.0,89,0.011235955056179775
Mirdif City Center,Spanish,2025-11-01,2,0,0,2.0,0.0,1.0,0.0,89,0.02247191011235955
Mirdif City Center,Sri Lankan,2025-11-01,2,0,0,2.0,0.0,1.0,0.0,89,0.02247191011235955
Mirdif City Center,Sudanese,2025-11-01,1,0,0,1.0,0.0,1.0,0.0,89,0.011235955056179775
Mirdif City Center,Syrian,2025-11-01,2,0,0,2.0,0.0,1.0,0.0,89,0.02247191011235955
Mirdif City Center,Tunisian,2025-11-01,1,0,0,1.0,0.0,1.0,0.0,89,0.011235955056179775
Mirdif City Center,Turkish,2025-11-01,1,0,0,1.0,0.0,1.0,0.0,89,0.011235955056179775
Mirdif City Center,Unknown,2025-11-01,9,0,0,10.0,0.0,1.0,-1.0,89,0.10112359550561797
Mudon,American,2025-11-01,3,0,0,3.0,0.0,1.0,0.0,148,0.02027027027027027
Mudon,Australian,2025-11-01,6,0,0,6.0,0.0,1.0,0.0,148,0.04054054054054054
Mudon,Belgian,2025-11-01,2,0,0,3.0,0.0,1.0,-1.0,148,0.013513513513513514
Mudon,Brazilian,2025-11-01,2,0,0,3.0,0.0,1.0,-1.0,148,0.013513513513513514
Mudon,British,2025-11-01,28,1,1,27.0,0.037037037037037035,0.962962962962963,1.0,148,0.1891891891891892
Mudon,Canadian,2025-11-01,9,2,0,8.0,0.0,1.0,1.0,148,0.060810810810810814
Mudon,Croatian,2025-11-01,1,0,0,1.0,0.0,1.0,0.0,148,0.006756756756756757
Mudon,Dutch,2025-11-01,1,0,0,1.0,0.0,1.0,0.0,148,0.006756756756756757
Mudon,Egyptian,2025-11-01,10,0,0,10.0,0.0,1.0,0.0,148,0.06756756756756757
Mudon,Filipina,2025-11-01,2,0,0,2.0,0.0,1.0,0.0,148,0.013513513513513514
Mudon,French,2025-11-01,7,0,1,8.0,0.125,0.875,-1.0,148,0.0472972972972973
Mudon,German,2025-11-01,2,0,0,2.0,0.0,1.0,0.0,148,0.013513513513513514
Mudon,Hungarian,2025-11-01,1,0,0,1.0,0.0,1.0,0.0,148,0.006756756756756757
Mudon,Indian,2025-11-01,11,0,0,11.0,0.0,1.0,0.0,148,0.07432432432432433
Mudon,Italian,2025-11-01,3,0,0,3.0,0.0,1.0,0.0,148,0.02027027027027027
Mudon,Jordanian,2025-11-01,7,0,0,7.0,0.0,1.0,0.0,148,0.0472972972972973
Mudon,Lebanese,2025-11-01,12,0,0,12.0,0.0,1.0,0.0,148,0.08108108108108109
Mudon,Mexican,2025-11-01,1,0,0,1.0,0.0,1.0,0.0,148,0.006756756756756757
Mudon,Moroccan,2025-11-01,2,0,0,2.0,0.0,1.0,0.0,148,0.013513513513513514
Mudon,New Zealander,2025-11-01,1,0,0,1.0,0.0,1.0,0.0,148,0.006756756756756757
Mudon,Pakistani,2025-11-01,4,0,0,4.0,0.0,1.0,0.0,148,0.02702702702702703
Mudon,Palestinian,2025-11-01,1,0,0,1.0,0.0,1.0,0.0,148,0.006756756756756757
Mudon,Russian,2025-11-01,1,0,0,1.0,0.0,1.0,0.0,148,0.006756756756756757
Mudon,Saint Kitts And Nevis,2025-11-01,1,0,0,1.0,0.0,1.0,0.0,148,0.006756756756756757
Mudon,Serbian,2025-11-01,1,0,0,1.0,0.0,1.0,0.0,148,0.006756756756756757
Mudon,South African,2025-11-01,4,0,0,4.0,0.0,1.0,0.0,148,0.02702702702702703
Mudon,Spanish,2025-11-01,2,0,0,2.0,0.0,1.0,0.0,148,0.013513513513513514
Mudon,Sri Lankan,2025-11-01,1,0,0,1.0,0.0,1.0,0.0,148,0.006756756756756757
Mudon,Sudanese,2025-11-01,1,0,0,1.0,0.0,1.0,0.0,148,0.006756756756756757
Mudon,Swiss,2025-11-01,1,0,0,1.0,0.0,1.0,0.0,148,0.006756756756756757
Mudon,Syrian,2025-11-01,2,0,0,2.0,0.0,1.0,0.0,148,0.013513513513513514
Mudon,Turkish,2025-11-01,4,0,0,5.0,0.0,1.0,-1.0,148,0.02702702702702703
Mudon,Unknown,2025-11-01,13,3,2,11.0,0.18181818181818182,0.8181818181818181,2.0,148,0.08783783783783784
Mudon,Zimbabwean,2025-11-01,1,0,0,1.0,0.0,1.0,0.0,148,0.006756756756756757
Nakheel Mall,American,2025-11-01,1,0,0,1.0,0.0,1.0,0.0,77,0.012987012987012988
Nakheel Mall,Australian,2025-11-01,2,0,0,2.0,0.0,1.0,0.0,77,0.025974025974025976
Nakheel Mall,British,2025-11-01,10,0,0,10.0,0.0,1.0,0.0,77,0.12987012987012986
Nakheel Mall,Canadian,2025-11-01,4,0,0,4.0,0.0,1.0,0.0,77,0.05194805194805195
Nakheel Mall,Chinese,2025-11-01,1,0,0,1.0,0.0,1.0,0.0,77,0.012987012987012988
Nakheel Mall,Egyptian,2025-11-01,2,0,0,3.0,0.0,1.0,-1.0,77,0.025974025974025976
Nakheel Mall,French,2025-11-01,5,2,0,3.0,0.0,1.0,2.0,77,0.06493506493506493
Nakheel Mall,German,2025-11-01,2,0,0,2.0,0.0,1.0,0.0,77,0.025974025974025976
Nakheel Mall,Indian,2025-11-01,9,1,0,8.0,0.0,1.0,1.0,77,0.11688311688311688
Nakheel Mall,Irish,2025-11-01,1,0,0,1.0,0.0,1.0,0.0,77,0.012987012987012988
Nakheel Mall,Italian,2025-11-01,3,1,0,3.0,0.0,1.0,0.0,77,0.03896103896103896
Nakheel Mall,Japanese,2025-11-01,1,0,0,1.0,0.0,1.0,0.0,77,0.012987012987012988
Nakheel Mall,Jordanian,2025-11-01,1,1,1,0.0,,,1.0,77,0.012987012987012988
Nakheel Mall,Lebanese,2025-11-01,3,0,1,3.0,0.3333333333333333,0.6666666666666667,0.0,77,0.03896103896103896
Nakheel Mall,Malaysian,2025-11-01,1,0,0,1.0,0.0,1.0,0.0,77,0.012987012987012988
Nakheel Mall,Mauritanian,2025-11-01,1,0,0,1.0,0.0,1.0,0.0,77,0.012987012987012988
Nakheel Mall,Norwegian,2025-11-01,1,0,0,1.0,0.0,1.0,0.0,77,0.012987012987012988
Nakheel Mall,Portuguese,2025-11-01,1,0,0,2.0,0.0,1.0,-1.0,77,0.012987012987012988
Nakheel Mall,Romanian,2025-11-01,1,0,0,1.0,0.0,1.0,0.0,77,0.012987012987012988
Nakheel Mall,Russian,2025-11-01,2,0,0,2.0,0.0,1.0,0.0,77,0.025974025974025976
Nakheel Mall,Saudi Arabian,2025-11-01,1,0,0,1.0,0.0,1.0,0.0,77,0.012987012987012988
Nakheel Mall,South African,2025-11-01,2,0,0,2.0,0.0,1.0,0.0,77,0.025974025974025976
Nakheel Mall,South Korean,2025-11-01,1,0,0,1.0,0.0,1.0,0.0,77,0.012987012987012988
Nakheel Mall,Spanish,2025-11-01,2,1,0,1.0,0.0,1.0,1.0,77,0.025974025974025976
Nakheel Mall,Swedish,2025-11-01,2,0,0,2.0,0.0,1.0,0.0,77,0.025974025974025976
Nakheel Mall,Turkish,2025-11-01,6,1,1,5.0,0.2,0.8,1.0,77,0.07792207792207792
Nakheel Mall,Ukrainian,2025-11-01,1,0,0,1.0,0.0,1.0,0.0,77,0.012987012987012988
Nakheel Mall,Unknown,2025-11-01,10,3,0,7.0,0.0,1.0,3.0,77,0.12987012987012986
Oasis Mall,Algerian,2025-11-01,1,0,0,1.0,0.0,1.0,0.0,137,0.0072992700729927005
Oasis Mall,American,2025-11-01,1,0,0,1.0,0.0,1.0,0.0,137,0.0072992700729927005
Oasis Mall,Armenian,2025-11-01,1,0,0,1.0,0.0,1.0,0.0,137,0.0072992700729927005
Oasis Mall,Australian,2025-11-01,2,0,0,2.0,0.0,1.0,0.0,137,0.014598540145985401
Oasis Mall,Bangladeshi,2025-11-01,1,0,0,1.0,0.0,1.0,0.0,137,0.0072992700729927005
Oasis Mall,British,2025-11-01,10,1,1,9.0,0.1111111111111111,0.8888888888888888,1.0,137,0.072992700729927
Oasis Mall,Chinese,2025-11-01,1,0,0,1.0,0.0,1.0,0.0,137,0.0072992700729927005
Oasis Mall,Dominican,2025-11-01,1,0,0,1.0,0.0,1.0,0.0,137,0.0072992700729927005
Oasis Mall,Dutch,2025-11-01,1,0,0,2.0,0.0,1.0,-1.0,137,0.0072992700729927005
Oasis Mall,Egyptian,2025-11-01,3,1,0,2.0,0.0,1.0,1.0,137,0.021897810218978103
Oasis Mall,Filipina,2025-11-01,14,1,0,13.0,0.0,1.0,1.0,137,0.10218978102189781
Oasis Mall,French,2025-11-01,4,0,0,4.0,0.0,1.0,0.0,137,0.029197080291970802
Oasis Mall,German,2025-11-01,1,0,0,1.0,0.0,1.0,0.0,137,0.0072992700729927005
Oasis Mall,Indian,2025-11-01,39,1,0,40.0,0.0,1.0,-1.0,137,0.2846715328467153
Oasis Mall,Iranian,2025-11-01,2,0,0,2.0,0.0,1.0,0.0,137,0.014598540145985401
Oasis Mall,Italian,2025-11-01,1,0,0,1.0,0.0,1.0,0.0,137,0.0072992700729927005
Oasis Mall,Jordanian,2025-11-01,4,0,0,4.0,0.0,1.0,0.0,137,0.029197080291970802
Oasis Mall,Kazakhstani,2025-11-01,1,0,0,1.0,0.0,1.0,0.0,137,0.0072992700729927005
Oasis Mall,Kenyan,2025-11-01,1,0,0,1.0,0.0,1.0,0.0,137,0.0072992700729927005
Oasis Mall,Lebanese,2025-11-01,5,0,1,5.0,0.2,0.8,0.0,137,0.0364963503649635
Oasis Mall,Macedonian,2025-11-01,1,0,0,1.0,0.0,1.0,0.0,137,0.0072992700729927005
Oasis Mall,Moroccan,2025-11-01,2,0,0,2.0,0.0,1.0,0.0,137,0.014598540145985401
Oasis Mall,Nigerian,2025-11-01,2,0,0,2.0,0.0,1.0,0.0,137,0.014598540145985401
Oasis Mall,Pakistani,2025-11-01,5,0,0,5.0,0.0,1.0,0.0,137,0.0364963503649635
Oasis Mall,Palestinian,2025-11-01,1,0,0,1.0,0.0,1.0,0.0,137,0.0072992700729927005
Oasis Mall,Portuguese,2025-11-01,3,1,0,2.0,0.0,1.0,1.0,137,0.021897810218978103
Oasis Mall,Qatari,2025-11-01,1,0,0,1.0,0.0,1.0,0.0,137,0.0072992700729927005
Oasis Mall,Russian,2025-11-01,2,0,0,2.0,0.0,1.0,0.0,137,0.014598540145985401
Oasis Mall,Saint Kitts And Nevis,2025-11-01,1,0,0,1.0,0.0,1.0,0.0,137,0.0072992700729927005
Oasis Mall,South African,2025-11-01,2,0,0,2.0,0.0,1.0,0.0,137,0.014598540145985401
Oasis Mall,South Korean,2025-11-01,2,0,0,2.0,0.0,1.0,0.0,137,0.014598540145985401
Oasis Mall,Sri Lankan,2025-11-01,1,0,0,1.0,0.0,1.0,0.0,137,0.0072992700729927005
Oasis Mall,Swiss,2025-11-01,1,0,0,1.0,0.0,1.0,0.0,137,0.0072992700729927005
Oasis Mall,Syrian,2025-11-01,2,0,0,2.0,0.0,1.0,0.0,137,0.014598540145985401
Oasis Mall,Tunisian,2025-11-01,1,0,0,1.0,0.0,1.0,0.0,137,0.0072992700729927005
Oasis Mall,Turkish,2025-11-01,2,0,0,2.0,0.0,1.0,0.0,137,0.014598540145985401
Oasis Mall,Unknown,2025-11-01,13,0,1,14.0,0.07142857142857142,0.9285714285714286,-1.0,137,0.0948905109489051
Oasis Mall,Yemenite,2025-11-01,1,0,0,1.0,0.0,1.0,0.0,137,0.0072992700729927005
Off-Site Sales,American,2025-11-01,1,0,0,1.0,0.0,1.0,0.0,13,0.07692307692307693
Off-Site Sales,Australian,2025-11-01,3,0,0,3.0,0.0,1.0,0.0,13,0.23076923076923078
Off-Site Sales,British,2025-11-01,2,0,0,2.0,0.0,1.0,0.0,13,0.15384615384615385
Off-Site Sales,Filipina,2025-11-01,5,0,0,5.0,0.0,1.0,0.0,13,0.38461538461538464
Off-Site Sales,French,2025-11-01,1,0,0,1.0,0.0,1.0,0.0,13,0.07692307692307693
Off-Site Sales,Syrian,2025-11-01,1,0,0,1.0,0.0,1.0,0.0,13,0.07692307692307693
Pavilion,American,2025-11-01,1,0,0,1.0,0.0,1.0,0.0,64,0.015625
Pavilion,Argentinean,2025-11-01,1,0,0,1.0,0.0,1.0,0.0,64,0.015625
Pavilion,Australian,2025-11-01,1,1,0,0.0,,,1.0,64,0.015625
Pavilion,Azerbaijani,2025-11-01,1,0,0,1.0,0.0,1.0,0.0,64,0.015625
Pavilion,Belgian,2025-11-01,1,0,0,1.0,0.0,1.0,0.0,64,0.015625
Pavilion,British,2025-11-01,12,0,1,13.0,0.07692307692307693,0.9230769230769231,-1.0,64,0.1875
Pavilion,Danish,2025-11-01,2,1,0,1.0,0.0,1.0,1.0,64,0.03125
Pavilion,Dutch,2025-11-01,1,0,0,1.0,0.0,1.0,0.0,64,0.015625
Pavilion,Egyptian,2025-11-01,2,0,0,2.0,0.0,1.0,0.0,64,0.03125
Pavilion,Filipina,2025-11-01,3,0,0,3.0,0.0,1.0,0.0,64,0.046875
Pavilion,French,2025-11-01,1,0,0,1.0,0.0,1.0,0.0,64,0.015625
Pavilion,Greek,2025-11-01,1,1,0,0.0,,,1.0,64,0.015625
Pavilion,Indian,2025-11-01,6,0,0,6.0,0.0,1.0,0.0,64,0.09375
Pavilion,Iraqi,2025-11-01,1,0,0,1.0,0.0,1.0,0.0,64,0.015625
Pavilion,Irish,2025-11-01,1,0,0,1.0,0.0,1.0,0.0,64,0.015625
Pavilion,Italian,2025-11-01,5,1,0,4.0,0.0,1.0,1.0,64,0.078125
Pavilion,Jordanian,2025-11-01,3,1,0,2.0,0.0,1.0,1.0,64,0.046875
Pavilion,Lebanese,2025-11-01,2,1,0,2.0,0.0,1.0,0.0,64,0.03125
Pavilion,New Zealander,2025-11-01,1,0,0,1.0,0.0,1.0,0.0,64,0.015625
Pavilion,Pakistani,2025-11-01,1,0,0,1.0,0.0,1.0,0.0,64,0.015625
Pavilion,Peruvian,2025-11-01,1,0,0,1.0,0.0,1.0,0.0,64,0.015625
Pavilion,Russian,2025-11-01,1,1,0,0.0,,,1.0,64,0.015625
Pavilion,Spanish,2025-11-01,1,0,0,1.0,0.0,1.0,0.0,64,0.015625
Pavilion,Sri Lankan,2025-11-01,1,0,0,1.0,0.0,1.0,0.0,64,0.015625
Pavilion,Turkish,2025-11-01,3,0,0,3.0,0.0,1.0,0.0,64,0.046875
Pavilion,UAE,2025-11-01,1,0,0,1.0,0.0,1.0,0.0,64,0.015625
Pavilion,Unknown,2025-11-01,9,3,0,7.0,0.0,1.0,2.0,64,0.140625
Reem Mall,American,2025-11-01,7,0,0,8.0,0.0,1.0,-1.0,227,0.030837004405286344
Reem Mall,Armenian,2025-11-01,1,0,0,1.0,0.0,1.0,0.0,227,0.004405286343612335
Reem Mall,Australian,2025-11-01,6,0,0,6.0,0.0,1.0,0.0,227,0.02643171806167401
Reem Mall,Belgian,2025-11-01,2,0,1,2.0,0.5,0.5,0.0,227,0.00881057268722467
Reem Mall,Bosnian,2025-11-01,1,0,0,1.0,0.0,1.0,0.0,227,0.004405286343612335
Reem Mall,Brazilian,2025-11-01,2,0,0,2.0,0.0,1.0,0.0,227,0.00881057268722467
Reem Mall,British,2025-11-01,13,3,0,11.0,0.0,1.0,2.0,227,0.05726872246696035
Reem Mall,Canadian,2025-11-01,4,0,0,4.0,0.0,1.0,0.0,227,0.01762114537444934
Reem Mall,Chinese,2025-11-01,1,0,0,1.0,0.0,1.0,0.0,227,0.004405286343612335
Reem Mall,Cypriot,2025-11-01,1,0,0,1.0,0.0,1.0,0.0,227,0.004405286343612335
Reem Mall,Dutch,2025-11-01,1,0,0,1.0,0.0,1.0,0.0,227,0.004405286343612335
Reem Mall,Ecuadorean,2025-11-01,1,0,0,1.0,0.0,1.0,0.0,227,0.004405286343612335
Reem Mall,Egyptian,2025-11-01,2,0,0,2.0,0.0,1.0,0.0,227,0.00881057268722467
Reem Mall,Ethiopian,2025-11-01,2,0,0,2.0,0.0,1.0,0.0,227,0.00881057268722467
Reem Mall,Filipina,2025-11-01,67,2,1,65.0,0.015384615384615385,0.9846153846153847,2.0,227,0.29515418502202645
Reem Mall,Finnish,2025-11-01,1,0,0,1.0,0.0,1.0,0.0,227,0.004405286343612335
Reem Mall,French,2025-11-01,4,1,0,3.0,0.0,1.0,1.0,227,0.01762114537444934
Reem Mall,Greek,2025-11-01,1,0,0,1.0,0.0,1.0,0.0,227,0.004405286343612335
Reem Mall,Indian,2025-11-01,26,2,1,24.0,0.041666666666666664,0.9583333333333334,2.0,227,0.1145374449339207
Reem Mall,Indonesian,2025-11-01,1,0,0,1.0,0.0,1.0,0.0,227,0.004405286343612335
Reem Mall,Irish,2025-11-01,2,0,0,2.0,0.0,1.0,0.0,227,0.00881057268722467
Reem Mall,Italian,2025-11-01,5,0,0,5.0,0.0,1.0,0.0,227,0.022026431718061675
Reem Mall,Jordanian,2025-11-01,13,1,1,13.0,0.07692307692307693,0.9230769230769231,0.0,227,0.05726872246696035
Reem Mall,Kazakhstani,2025-11-01,1,0,0,1.0,0.0,1.0,0.0,227,0.004405286343612335
Reem Mall,Lebanese,2025-11-01,10,2,0,8.0,0.0,1.0,2.0,227,0.04405286343612335
Reem Mall,Malaysian,2025-11-01,1,0,0,1.0,0.0,1.0,0.0,227,0.004405286343612335
Reem Mall,Mauritian,2025-11-01,2,0,0,2.0,0.0,1.0,0.0,227,0.00881057268722467
Reem Mall,Nepali,2025-11-01,1,0,0,1.0,0.0,1.0,0.0,227,0.004405286343612335
Reem Mall,Pakistani,2025-11-01,1,1,0,2.0,0.0,1.0,-1.0,227,0.004405286343612335
Reem Mall,Palestinian,2025-11-01,2,0,0,2.0,0.0,1.0,0.0,227,0.00881057268722467
Reem Mall,Polish,2025-11-01,1,0,0,1.0,0.0,1.0,0.0,227,0.004405286343612335
Reem Mall,Portuguese,2025-11-01,1,0,0,1.0,0.0,1.0,0.0,227,0.004405286343612335
Reem Mall,Romanian,2025-11-01,1,0,0,1.0,0.0,1.0,0.0,227,0.004405286343612335
Reem Mall,Russian,2025-11-01,1,0,0,1.0,0.0,1.0,0.0,227,0.004405286343612335
Reem Mall,Serbian,2025-11-01,1,0,0,1.0,0.0,1.0,0.0,227,0.004405286343612335
Reem Mall,Singaporean,2025-11-01,1,0,0,1.0,0.0,1.0,0.0,227,0.004405286343612335
Reem Mall,South African,2025-11-01,5,1,0,4.0,0.0,1.0,1.0,227,0.022026431718061675
Reem Mall,Spanish,2025-11-01,2,0,0,2.0,0.0,1.0,0.0,227,0.00881057268722467
Reem Mall,Sudanese,2025-11-01,1,1,0,1.0,0.0,1.0,0.0,227,0.004405286343612335
Reem Mall,Swiss,2025-11-01,1,0,0,1.0,0.0,1.0,0.0,227,0.004405286343612335
Reem Mall,Syrian,2025-11-01,1,0,0,1.0,0.0,1.0,0.0,227,0.004405286343612335
Reem Mall,Tunisian,2025-11-01,1,0,0,1.0,0.0,1.0,0.0,227,0.004405286343612335
Reem Mall,Turkish,2025-11-01,1,0,0,1.0,0.0,1.0,0.0,227,0.004405286343612335
Reem Mall,UAE,2025-11-01,3,1,0,2.0,0.0,1.0,1.0,227,0.013215859030837005
Reem Mall,Unknown,2025-11-01,24,2,2,24.0,0.08333333333333333,0.9166666666666666,0.0,227,0.10572687224669604
Sahara Center,Egyptian,2025-11-01,1,0,0,1.0,0.0,1.0,0.0,10,0.1
Sahara Center,Filipina,2025-11-01,3,0,0,3.0,0.0,1.0,0.0,10,0.3
Sahara Center,Indian,2025-11-01,4,0,0,4.0,0.0,1.0,0.0,10,0.4
Sahara Center,Senegalese,2025-11-01,1,0,0,1.0,0.0,1.0,0.0,10,0.1
Sahara Center,Unknown,2025-11-01,1,0,0,1.0,0.0,1.0,0.0,10,0.1
Shams Boutik,Australian,2025-11-01,1,0,0,1.0,0.0,1.0,0.0,19,0.05263157894736842
Shams Boutik,British,2025-11-01,4,0,0,4.0,0.0,1.0,0.0,19,0.21052631578947367
Shams Boutik,Chinese,2025-11-01,2,1,0,1.0,0.0,1.0,1.0,19,0.10526315789473684
Shams Boutik,Dominican,2025-11-01,1,1,0,0.0,,,1.0,19,0.05263157894736842
Shams Boutik,Filipina,2025-11-01,3,2,0,1.0,0.0,1.0,2.0,19,0.15789473684210525
Shams Boutik,French,2025-11-01,2,1,0,1.0,0.0,1.0,1.0,19,0.10526315789473684
Shams Boutik,Indian,2025-11-01,2,0,0,2.0,0.0,1.0,0.0,19,0.10526315789473684
Shams Boutik,Irish,2025-11-01,1,0,0,1.0,0.0,1.0,0.0,19,0.05263157894736842
Shams Boutik,Lebanese,2025-11-01,1,0,0,1.0,0.0,1.0,0.0,19,0.05263157894736842
Shams Boutik,New Zealander,2025-11-01,1,0,0,1.0,0.0,1.0,0.0,19,0.05263157894736842
Shams Boutik,Pakistani,2025-11-01,1,0,0,1.0,0.0,1.0,0.0,19,0.05263157894736842
Sharjah City Center,Filipina,2025-11-01,4,0,0,4.0,0.0,1.0,0.0,9,0.4444444444444444
Sharjah City Center,Indian,2025-11-01,3,0,1,3.0,0.3333333333333333,0.6666666666666667,0.0,9,0.3333333333333333
Sharjah City Center,Iranian,2025-11-01,1,0,0,1.0,0.0,1.0,0.0,9,0.1111111111111111
Sharjah City Center,Iraqi,2025-11-01,1,0,0,1.0,0.0,1.0,0.0,9,0.1111111111111111
The Market,Australian,2025-11-01,1,0,0,1.0,0.0,1.0,0.0,29,0.034482758620689655
The Market,British,2025-11-01,4,0,0,4.0,0.0,1.0,0.0,29,0.13793103448275862
The Market,Dutch,2025-11-01,1,0,0,1.0,0.0,1.0,0.0,29,0.034482758620689655
The Market,Egyptian,2025-11-01,2,0,0,2.0,0.0,1.0,0.0,29,0.06896551724137931
The Market,Filipina,2025-11-01,2,0,0,3.0,0.0,1.0,-1.0,29,0.06896551724137931
The Market,German,2025-11-01,1,0,0,1.0,0.0,1.0,0.0,29,0.034482758620689655
The Market,Greek,2025-11-01,1,0,0,1.0,0.0,1.0,0.0,29,0.034482758620689655
The Market,Indian,2025-11-01,5,0,0,5.0,0.0,1.0,0.0,29,0.1724137931034483
The Market,Iraqi,2025-11-01,1,0,0,1.0,0.0,1.0,0.0,29,0.034482758620689655
The Market,Italian,2025-11-01,1,0,0,1.0,0.0,1.0,0.0,29,0.034482758620689655
The Market,Lebanese,2025-11-01,1,0,0,1.0,0.0,1.0,0.0,29,0.034482758620689655
The Market,Portuguese,2025-11-01,1,0,0,1.0,0.0,1.0,0.0,29,0.034482758620689655
The Market,Russian,2025-11-01,1,0,0,1.0,0.0,1.0,0.0,29,0.034482758620689655
The Market,Saint Kitts And Nevis,2025-11-01,1,0,0,1.0,0.0,1.0,0.0,29,0.034482758620689655
The Market,South African,2025-11-01,1,0,0,1.0,0.0,1.0,0.0,29,0.034482758620689655
The Market,Sri Lankan,2025-11-01,1,0,0,1.0,0.0,1.0,0.0,29,0.034482758620689655
The Market,Swedish,2025-11-01,1,0,0,1.0,0.0,1.0,0.0,29,0.034482758620689655
The Market,Unknown,2025-11-01,3,0,0,3.0,0.0,1.0,0.0,29,0.10344827586206896
Time Square Center,Egyptian,2025-11-01,1,0,0,1.0,0.0,1.0,0.0,10,0.1
Time Square Center,French,2025-11-01,2,0,0,4.0,0.0,1.0,-2.0,10,0.2
Time Square Center,Indian,2025-11-01,2,0,0,2.0,0.0,1.0,0.0,10,0.2
Time Square Center,Russian,2025-11-01,1,0,0,1.0,0.0,1.0,0.0,10,0.1
Time Square Center,Unknown,2025-11-01,4,1,0,3.0,0.0,1.0,1.0,10,0.4
World Trade Center 3,Filipina,2025-11-01,2,0,1,2.0,0.5,0.5,0.0,9,0.2222222222222222
World Trade Center 3,Indian,2025-11-01,4,3,0,1.0,0.0,1.0,3.0,9,0.4444444444444444
World Trade Center 3,Spanish,2025-11-01,1,0,0,1.0,0.0,1.0,0.0,9,0.1111111111111111
World Trade Center 3,UAE,2025-11-01,1,1,0,0.0,,,1.0,9,0.1111111111111111
World Trade Center 3,Unknown,2025-11-01,1,1,0,1.0,0.0,1.0,0.0,9,0.1111111111111111
Yalayis,Canadian,2025-11-01,1,0,0,1.0,0.0,1.0,0.0,3,0.3333333333333333
Yalayis,Indian,2025-11-01,1,0,0,1.0,0.0,1.0,0.0,3,0.3333333333333333
Yalayis,Lebanese,2025-11-01,1,0,0,1.0,0.0,1.0,0.0,3,0.3333333333333333
Yas Mall,American,2025-11-01,4,1,0,5.0,0.0,1.0,-1.0,251,0.01593625498007968
Yas Mall,Argentinean,2025-11-01,2,0,0,2.0,0.0,1.0,0.0,251,0.00796812749003984
Yas Mall,Australian,2025-11-01,7,1,0,6.0,0.0,1.0,1.0,251,0.027888446215139442
Yas Mall,Austrian,2025-11-01,1,0,0,1.0,0.0,1.0,0.0,251,0.00398406374501992
Yas Mall,Belgian,2025-11-01,2,0,0,2.0,0.0,1.0,0.0,251,0.00796812749003984
Yas Mall,Belizean,2025-11-01,1,0,0,1.0,0.0,1.0,0.0,251,0.00398406374501992
Yas Mall,Brazilian,2025-11-01,2,0,0,2.0,0.0,1.0,0.0,251,0.00796812749003984
Yas Mall,British,2025-11-01,48,1,2,48.0,0.041666666666666664,0.9583333333333334,0.0,251,0.19123505976095617
Yas Mall,Canadian,2025-11-01,13,0,0,13.0,0.0,1.0,0.0,251,0.05179282868525897
Yas Mall,Dutch,2025-11-01,1,0,0,1.0,0.0,1.0,0.0,251,0.00398406374501992
Yas Mall,Egyptian,2025-11-01,8,0,0,8.0,0.0,1.0,0.0,251,0.03187250996015936
Yas Mall,Filipina,2025-11-01,30,0,0,31.0,0.0,1.0,-1.0,251,0.11952191235059761
Yas Mall,Finnish,2025-11-01,2,0,0,2.0,0.0,1.0,0.0,251,0.00796812749003984
Yas Mall,French,2025-11-01,12,0,1,12.0,0.08333333333333333,0.9166666666666666,0.0,251,0.04780876494023904
Yas Mall,German,2025-11-01,2,0,0,2.0,0.0,1.0,0.0,251,0.00796812749003984
Yas Mall,Greek,2025-11-01,3,0,0,3.0,0.0,1.0,0.0,251,0.01195219123505976
Yas Mall,Indian,2025-11-01,16,1,0,15.0,0.0,1.0,1.0,251,0.06374501992031872
Yas Mall,Indonesian,2025-11-01,4,0,0,4.0,0.0,1.0,0.0,251,0.01593625498007968
Yas Mall,Iraqi,2025-11-01,1,0,0,1.0,0.0,1.0,0.0,251,0.00398406374501992
Yas Mall,Irish,2025-11-01,4,0,0,5.0,0.0,1.0,-1.0,251,0.01593625498007968
Yas Mall,Italian,2025-11-01,3,0,0,3.0,0.0,1.0,0.0,251,0.01195219123505976
Yas Mall,Jordanian,2025-11-01,8,2,0,6.0,0.0,1.0,2.0,251,0.03187250996015936
Yas Mall,Kazakhstani,2025-11-01,1,0,0,1.0,0.0,1.0,0.0,251,0.00398406374501992
Yas Mall,Lebanese,2025-11-01,5,1,0,4.0,0.0,1.0,1.0,251,0.0199203187250996
Yas Mall,Libyan,2025-11-01,2,0,1,2.0,0.5,0.5,0.0,251,0.00796812749003984
Yas Mall,Macedonian,2025-11-01,1,0,0,1.0,0.0,1.0,0.0,251,0.00398406374501992
Yas Mall,Malaysian,2025-11-01,2,0,0,2.0,0.0,1.0,0.0,251,0.00796812749003984
Yas Mall,Malian,2025-11-01,1,0,0,1.0,0.0,1.0,0.0,251,0.00398406374501992
Yas Mall,Mexican,2025-11-01,1,0,0,1.0,0.0,1.0,0.0,251,0.00398406374501992
Yas Mall,Moroccan,2025-11-01,1,0,0,2.0,0.0,1.0,-1.0,251,0.00398406374501992
Yas Mall,Pakistani,2025-11-01,4,0,0,4.0,0.0,1.0,0.0,251,0.01593625498007968
Yas Mall,Palestinian,2025-11-01,1,0,0,1.0,0.0,1.0,0.0,251,0.00398406374501992
Yas Mall,Panamanian,2025-11-01,1,0,0,1.0,0.0,1.0,0.0,251,0.00398406374501992
Yas Mall,Portuguese,2025-11-01,3,0,0,3.0,0.0,1.0,0.0,251,0.01195219123505976
Yas Mall,Romanian,2025-11-01,1,0,0,1.0,0.0,1.0,0.0,251,0.00398406374501992
Yas Mall,Russian,2025-11-01,2,0,0,2.0,0.0,1.0,0.0,251,0.00796812749003984
Yas Mall,Serbian,2025-11-01,1,0,0,1.0,0.0,1.0,0.0,251,0.00398406374501992
Yas Mall,Seychellois,2025-11-01,1,0,0,1.0,0.0,1.0,0.0,251,0.00398406374501992
Yas Mall,Singaporean,2025-11-01,2,1,0,1.0,0.0,1.0,1.0,251,0.00796812749003984
Yas Mall,South African,2025-11-01,7,0,0,7.0,0.0,1.0,0.0,251,0.027888446215139442
Yas Mall,South Korean,2025-11-01,1,0,0,1.0,0.0,1.0,0.0,251,0.00398406374501992
Yas Mall,Spanish,2025-11-01,5,0,0,5.0,0.0,1.0,0.0,251,0.0199203187250996
Yas Mall,Sri Lankan,2025-11-01,1,0,0,1.0,0.0,1.0,0.0,251,0.00398406374501992
Yas Mall,Swedish,2025-11-01,2,0,0,2.0,0.0,1.0,0.0,251,0.00796812749003984
Yas Mall,Swiss,2025-11-01,1,0,0,1.0,0.0,1.0,0.0,251,0.00398406374501992
Yas Mall,Syrian,2025-11-01,2,0,0,2.0,0.0,1.0,0.0,251,0.00796812749003984
Yas Mall,Turkish,2025-11-01,2,0,0,2.0,0.0,1.0,0.0,251,0.00796812749003984
Yas Mall,Ugandan,2025-11-01,1,0,0,1.0,0.0,1.0,0.0,251,0.00398406374501992
Yas Mall,Unknown,2025-11-01,24,1,1,27.0,0.037037037037037035,0.962962962962963,-3.0,251,0.09561752988047809
Yas Mall,Zimbabwean,2025-11-01,1,0,0,1.0,0.0,1.0,0.0,251,0.00398406374501992
Yas Mall 2,American,2025-11-01,1,0,0,1.0,0.0,1.0,0.0,7,0.14285714285714285
Yas Mall 2,British,2025-11-01,2,1,0,1.0,0.0,1.0,1.0,7,0.2857142857142857
Yas Mall 2,French,2025-11-01,2,0,0,2.0,0.0,1.0,0.0,7,0.2857142857142857
Yas Mall 2,South African,2025-11-01,1,0,0,1.0,0.0,1.0,0.0,7,0.14285714285714285
Yas Mall 2,UAE,2025-11-01,1,0,0,1.0,0.0,1.0,0.0,7,0.14285714285714285
Zahraa,Congolese,2025-11-01,1,0,0,1.0,0.0,1.0,0.0,11,0.09090909090909091
Zahraa,Croatian,2025-11-01,1,0,0,1.0,0.0,1.0,0.0,11,0.09090909090909091
Zahraa,Egyptian,2025-11-01,1,0,0,1.0,0.0,1.0,0.0,11,0.09090909090909091
Zahraa,French,2025-11-01,1,0,0,1.0,0.0,1.0,0.0,11,0.09090909090909091
Zahraa,Irish,2025-11-01,1,0,0,1.0,0.0,1.0,0.0,11,0.09090909090909091
Zahraa,Jordanian,2025-11-01,1,0,0,2.0,0.0,1.0,-1.0,11,0.09090909090909091
Zahraa,Lebanese,2025-11-01,2,0,1,2.0,0.5,0.5,0.0,11,0.18181818181818182
Zahraa,Spanish,2025-11-01,1,0,0,1.0,0.0,1.0,0.0,11,0.09090909090909091
Zahraa,Unknown,2025-11-01,1,0,0,1.0,0.0,1.0,0.0,11,0.09090909090909091
Zahraa,Uruguayan,2025-11-01,1,0,0,1.0,0.0,1.0,0.0,11,0.09090909090909091
